playlist,cluster,id
1970s.csv,10,25
1970s.csv,14,22
1970s.csv,2,19
1970s.csv,8,17
1970s.csv,9,12
1970s.csv,15,11
1970s.csv,17,9
1970s.csv,1,9
1970s.csv,23,8
1970s.csv,6,3
1970s.csv,7,3
1970s.csv,12,3
1970s.csv,13,3
1970s.csv,0,2
1970s.csv,24,2
1970s.csv,16,1
1970s.csv,3,1
1980s.csv,2,12
1980s.csv,10,11
1980s.csv,8,7
1980s.csv,1,6
1980s.csv,7,6
1980s.csv,14,5
1980s.csv,17,5
1980s.csv,0,4
1980s.csv,12,4
1980s.csv,13,4
1980s.csv,23,4
1980s.csv,3,2
1980s.csv,18,1
1980s.csv,24,1
1990s.csv,2,17
1990s.csv,13,8
1990s.csv,23,8
1990s.csv,7,7
1990s.csv,10,6
1990s.csv,1,5
1990s.csv,8,4
1990s.csv,14,4
1990s.csv,0,3
1990s.csv,6,2
1990s.csv,15,2
1990s.csv,17,2
1990s.csv,12,1
1990s.csv,20,1
1990s.csv,21,1
1990s.csv,24,1
2000s.csv,7,14
2000s.csv,2,12
2000s.csv,6,8
2000s.csv,1,7
2000s.csv,10,6
2000s.csv,0,5
2000s.csv,14,5
2000s.csv,13,4
2000s.csv,17,4
2000s.csv,12,2
2000s.csv,18,2
2000s.csv,23,2
2000s.csv,8,1
2000s.csv,15,1
2010s.csv,7,13
2010s.csv,18,12
2010s.csv,2,11
2010s.csv,13,8
2010s.csv,17,8
2010s.csv,14,8
2010s.csv,10,7
2010s.csv,0,5
2010s.csv,23,4
2010s.csv,12,4
2010s.csv,8,3
2010s.csv,6,3
2010s.csv,1,2
2010s.csv,15,2
2010s.csv,24,2
2010s.csv,16,1
2010s.csv,5,1
2010s.csv,20,1
2010s.csv,3,1
2020s.csv,1,8
2020s.csv,10,7
2020s.csv,7,6
2020s.csv,8,6
2020s.csv,18,6
2020s.csv,13,5
2020s.csv,2,4
2020s.csv,14,4
2020s.csv,23,4
2020s.csv,9,2
2020s.csv,15,2
2020s.csv,0,1
2020s.csv,6,1
2020s.csv,17,1
2023_best_of.csv,8,21
2023_best_of.csv,18,19
2023_best_of.csv,2,18
2023_best_of.csv,7,17
2023_best_of.csv,1,15
2023_best_of.csv,13,13
2023_best_of.csv,14,12
2023_best_of.csv,10,9
2023_best_of.csv,0,8
2023_best_of.csv,23,7
2023_best_of.csv,15,6
2023_best_of.csv,9,5
2023_best_of.csv,17,4
2023_best_of.csv,12,3
2023_best_of.csv,6,3
2023_best_of.csv,16,2
2023_best_of.csv,21,2
2023_best_of.csv,22,2
2023_best_of.csv,5,1
2023_best_of.csv,3,1
2023_best_of.csv,19,1
2023_best_of.csv,20,1
2023_best_of.csv,24,1
2023_bravohits.csv,7,8
2023_bravohits.csv,13,6
2023_bravohits.csv,8,5
2023_bravohits.csv,23,4
2023_bravohits.csv,2,3
2023_bravohits.csv,1,3
2023_bravohits.csv,18,3
2023_bravohits.csv,17,3
2023_bravohits.csv,6,2
2023_bravohits.csv,10,2
2023_bravohits.csv,16,1
2023_bravohits.csv,19,1
2023_bravohits.csv,0,1
2023_bravohits.csv,14,1
2023_bravohits.csv,12,1
2023_bravohits.csv,3,1
2023_bravohits.csv,11,1
2023_deutschrap.csv,6,15
2023_deutschrap.csv,22,14
2023_deutschrap.csv,18,13
2023_deutschrap.csv,1,8
2023_deutschrap.csv,2,7
2023_deutschrap.csv,16,7
2023_deutschrap.csv,10,6
2023_deutschrap.csv,13,3
2023_deutschrap.csv,14,3
2023_deutschrap.csv,3,2
2023_deutschrap.csv,7,2
2023_deutschrap.csv,8,2
2023_deutschrap.csv,12,2
2023_deutschrap.csv,9,1
2023_deutschrap.csv,19,1
2023_hiphop_mixtape.csv,18,13
2023_hiphop_mixtape.csv,16,11
2023_hiphop_mixtape.csv,1,10
2023_hiphop_mixtape.csv,6,10
2023_hiphop_mixtape.csv,22,4
2023_hiphop_mixtape.csv,10,3
2023_hiphop_mixtape.csv,14,3
2023_hiphop_mixtape.csv,0,2
2023_hiphop_mixtape.csv,7,2
2023_hiphop_mixtape.csv,8,2
2023_hiphop_mixtape.csv,23,2
2023_hiphop_mixtape.csv,17,1
2023_hiphop_mixtape.csv,19,1
2023_hiphop_mixtape.csv,24,1
2023_house_techno.csv,20,9
2023_house_techno.csv,3,8
2023_house_techno.csv,2,7
2023_house_techno.csv,7,7
2023_house_techno.csv,18,7
2023_house_techno.csv,5,5
2023_house_techno.csv,13,4
2023_house_techno.csv,10,3
2023_house_techno.csv,19,3
2023_house_techno.csv,12,2
2023_house_techno.csv,1,1
2023_house_techno.csv,11,1
2023_house_techno.csv,17,1
2023_house_techno.csv,24,1
2023_tech_house.csv,20,40
2023_tech_house.csv,5,34
2023_tech_house.csv,3,32
2023_tech_house.csv,2,19
2023_tech_house.csv,7,13
2023_tech_house.csv,19,9
2023_tech_house.csv,18,7
2023_tech_house.csv,13,3
2023_tech_house.csv,24,3
2023_tech_house.csv,10,2
2023_tech_house.csv,0,1
2023_tech_house.csv,1,1
2023_the_dome.csv,6,5
2023_the_dome.csv,1,2
2023_the_dome.csv,8,2
2023_the_dome.csv,16,2
2023_the_dome.csv,2,1
2023_the_dome.csv,9,1
2023_the_dome.csv,12,1
2023_the_dome.csv,14,1
2023_the_dome.csv,15,1
2023_the_dome.csv,17,1
2023_the_dome.csv,18,1
2023_the_dome.csv,22,1
2023_the_dome.csv,23,1
best_of-blues.csv,9,17
best_of-blues.csv,14,10
best_of-blues.csv,10,8
best_of-blues.csv,17,7
best_of-blues.csv,8,6
best_of-blues.csv,2,4
best_of-blues.csv,11,3
best_of-blues.csv,1,2
best_of-blues.csv,12,2
best_of-blues.csv,15,2
best_of-blues.csv,20,2
best_of-blues.csv,21,2
best_of-blues.csv,0,1
best_of-blues.csv,3,1
best_of-blues.csv,7,1
best_of-blues.csv,22,1
best_of-blues_jazz_soul.csv,9,9
best_of-blues_jazz_soul.csv,8,3
best_of-blues_jazz_soul.csv,15,3
best_of-blues_jazz_soul.csv,10,2
best_of-blues_jazz_soul.csv,2,1
best_of-blues_jazz_soul.csv,11,1
best_of-blues_jazz_soul.csv,12,1
best_of-blues_jazz_soul.csv,14,1
best_of-blues_jazz_soul.csv,23,1
best_of-classic.csv,4,73
best_of-classic.csv,15,7
best_of-classic.csv,9,2
best_of-classic.csv,11,1
best_of-country.csv,14,17
best_of-country.csv,8,12
best_of-country.csv,9,11
best_of-country.csv,23,9
best_of-country.csv,1,8
best_of-country.csv,7,8
best_of-country.csv,10,7
best_of-country.csv,13,7
best_of-country.csv,15,7
best_of-country.csv,17,5
best_of-country.csv,2,4
best_of-country.csv,12,2
best_of-country.csv,18,1
best_of_afrobeats.csv,14,43
best_of_afrobeats.csv,2,41
best_of_afrobeats.csv,10,28
best_of_afrobeats.csv,7,16
best_of_afrobeats.csv,1,14
best_of_afrobeats.csv,6,9
best_of_afrobeats.csv,17,8
best_of_afrobeats.csv,9,7
best_of_afrobeats.csv,22,4
best_of_afrobeats.csv,13,4
best_of_afrobeats.csv,12,4
best_of_afrobeats.csv,16,2
best_of_afrobeats.csv,21,2
best_of_afrobeats.csv,24,2
best_of_afrobeats.csv,15,1
best_of_afrobeats.csv,18,1
best_of_afrobeats.csv,8,1
best_of_britpop.csv,0,10
best_of_britpop.csv,13,9
best_of_britpop.csv,17,8
best_of_britpop.csv,23,5
best_of_britpop.csv,2,3
best_of_britpop.csv,3,3
best_of_britpop.csv,7,3
best_of_britpop.csv,24,3
best_of_britpop.csv,10,2
best_of_britpop.csv,1,1
best_of_britpop.csv,12,1
best_of_britpop.csv,18,1
best_of_dancehall.csv,6,29
best_of_dancehall.csv,14,11
best_of_dancehall.csv,16,11
best_of_dancehall.csv,22,11
best_of_dancehall.csv,10,10
best_of_dancehall.csv,2,9
best_of_dancehall.csv,7,8
best_of_dancehall.csv,12,3
best_of_dancehall.csv,13,3
best_of_dancehall.csv,17,3
best_of_dancehall.csv,0,1
best_of_dancehall.csv,1,1
best_of_dancehall.csv,18,1
best_of_deep_house.csv,20,25
best_of_deep_house.csv,19,10
best_of_deep_house.csv,1,6
best_of_deep_house.csv,3,6
best_of_deep_house.csv,5,3
best_of_deep_house.csv,10,2
best_of_deep_house.csv,18,2
best_of_deep_house.csv,24,2
best_of_deep_house.csv,7,1
best_of_dreampop.csv,19,10
best_of_dreampop.csv,23,9
best_of_dreampop.csv,5,6
best_of_dreampop.csv,20,5
best_of_dreampop.csv,0,3
best_of_dreampop.csv,4,3
best_of_dreampop.csv,3,2
best_of_dreampop.csv,10,2
best_of_dreampop.csv,13,2
best_of_dreampop.csv,15,2
best_of_dreampop.csv,17,2
best_of_dreampop.csv,1,1
best_of_dreampop.csv,8,1
best_of_dreampop.csv,9,1
best_of_dreampop.csv,11,1
best_of_drill.csv,22,29
best_of_drill.csv,6,26
best_of_drill.csv,16,16
best_of_drill.csv,14,13
best_of_drill.csv,12,5
best_of_drill.csv,2,3
best_of_drill.csv,1,2
best_of_drill.csv,10,2
best_of_drill.csv,18,2
best_of_drill.csv,13,1
best_of_drill.csv,19,1
best_of_electro_swing.csv,2,39
best_of_electro_swing.csv,20,23
best_of_electro_swing.csv,3,22
best_of_electro_swing.csv,7,13
best_of_electro_swing.csv,14,11
best_of_electro_swing.csv,10,10
best_of_electro_swing.csv,6,7
best_of_electro_swing.csv,13,6
best_of_electro_swing.csv,12,5
best_of_electro_swing.csv,1,3
best_of_electro_swing.csv,11,2
best_of_electro_swing.csv,19,2
best_of_electro_swing.csv,5,2
best_of_electro_swing.csv,22,1
best_of_electro_swing.csv,0,1
best_of_electro_swing.csv,18,1
best_of_electro_swing.csv,17,1
best_of_electro_swing.csv,8,1
best_of_electro_swing.csv,24,1
best_of_electronic.csv,7,18
best_of_electronic.csv,13,15
best_of_electronic.csv,18,10
best_of_electronic.csv,14,10
best_of_electronic.csv,2,9
best_of_electronic.csv,1,9
best_of_electronic.csv,0,7
best_of_electronic.csv,23,5
best_of_electronic.csv,20,2
best_of_electronic.csv,24,2
best_of_electronic.csv,10,2
best_of_electronic.csv,8,2
best_of_electronic.csv,6,2
best_of_electronic.csv,5,2
best_of_electronic.csv,17,1
best_of_electronic.csv,22,1
best_of_electronic.csv,12,1
best_of_eurodance.csv,2,86
best_of_eurodance.csv,7,47
best_of_eurodance.csv,3,34
best_of_eurodance.csv,20,27
best_of_eurodance.csv,5,26
best_of_eurodance.csv,13,25
best_of_eurodance.csv,10,13
best_of_eurodance.csv,17,9
best_of_eurodance.csv,0,8
best_of_eurodance.csv,12,5
best_of_eurodance.csv,19,4
best_of_eurodance.csv,14,3
best_of_eurodance.csv,1,3
best_of_eurodance.csv,18,3
best_of_eurodance.csv,24,2
best_of_eurodance.csv,6,1
best_of_eurodance.csv,23,1
best_of_folk.csv,9,17
best_of_folk.csv,15,13
best_of_folk.csv,8,7
best_of_folk.csv,4,4
best_of_folk.csv,14,3
best_of_folk.csv,23,3
best_of_folk.csv,10,2
best_of_folk.csv,12,2
best_of_folk.csv,13,2
best_of_folk.csv,17,2
best_of_folk.csv,21,2
best_of_folk.csv,0,1
best_of_folk.csv,1,1
best_of_folk.csv,7,1
best_of_grime.csv,22,81
best_of_grime.csv,16,69
best_of_grime.csv,6,68
best_of_grime.csv,18,16
best_of_grime.csv,14,15
best_of_grime.csv,12,14
best_of_grime.csv,1,9
best_of_grime.csv,7,8
best_of_grime.csv,13,7
best_of_grime.csv,8,7
best_of_grime.csv,0,6
best_of_grime.csv,23,4
best_of_grime.csv,10,3
best_of_grime.csv,2,3
best_of_grime.csv,9,2
best_of_grime.csv,24,2
best_of_grime.csv,15,1
best_of_grime.csv,3,1
best_of_grime.csv,21,1
best_of_hiphop.csv,18,17
best_of_hiphop.csv,1,13
best_of_hiphop.csv,16,13
best_of_hiphop.csv,6,7
best_of_hiphop.csv,2,5
best_of_hiphop.csv,8,5
best_of_hiphop.csv,10,5
best_of_hiphop.csv,13,5
best_of_hiphop.csv,14,5
best_of_hiphop.csv,7,4
best_of_hiphop.csv,23,4
best_of_hiphop.csv,12,3
best_of_hiphop.csv,22,2
best_of_hiphop.csv,0,2
best_of_hiphop.csv,24,2
best_of_hiphop.csv,21,1
best_of_hiphop.csv,9,1
best_of_house.csv,18,15
best_of_house.csv,5,10
best_of_house.csv,7,9
best_of_house.csv,13,9
best_of_house.csv,1,5
best_of_house.csv,19,5
best_of_house.csv,0,4
best_of_house.csv,8,4
best_of_house.csv,3,2
best_of_house.csv,10,2
best_of_house.csv,11,2
best_of_house.csv,24,2
best_of_house.csv,14,1
best_of_house.csv,20,1
best_of_jazz.csv,15,8
best_of_jazz.csv,8,4
best_of_jazz.csv,11,3
best_of_jazz.csv,9,2
best_of_jazz.csv,4,1
best_of_jazz.csv,14,1
best_of_kpop.csv,2,78
best_of_kpop.csv,7,78
best_of_kpop.csv,13,44
best_of_kpop.csv,18,26
best_of_kpop.csv,17,13
best_of_kpop.csv,8,12
best_of_kpop.csv,14,12
best_of_kpop.csv,0,11
best_of_kpop.csv,1,11
best_of_kpop.csv,24,9
best_of_kpop.csv,6,7
best_of_kpop.csv,10,5
best_of_kpop.csv,12,5
best_of_kpop.csv,16,4
best_of_kpop.csv,15,1
best_of_kpop.csv,23,1
best_of_latin.csv,2,13
best_of_latin.csv,1,8
best_of_latin.csv,7,7
best_of_latin.csv,6,5
best_of_latin.csv,10,5
best_of_latin.csv,14,5
best_of_latin.csv,18,5
best_of_latin.csv,17,4
best_of_latin.csv,13,3
best_of_latin.csv,8,2
best_of_latin.csv,16,2
best_of_latin.csv,22,2
best_of_latin.csv,3,1
best_of_latin.csv,12,1
best_of_latin.csv,23,1
best_of_melodic_death_metal.csv,5,61
best_of_melodic_death_metal.csv,0,56
best_of_melodic_death_metal.csv,24,5
best_of_melodic_death_metal.csv,3,2
best_of_melodic_death_metal.csv,20,2
best_of_melodic_death_metal.csv,4,1
best_of_melodic_death_metal.csv,13,1
best_of_melodic_death_metal.csv,17,1
best_of_metal.csv,0,101
best_of_metal.csv,17,18
best_of_metal.csv,13,17
best_of_metal.csv,23,16
best_of_metal.csv,7,13
best_of_metal.csv,24,9
best_of_metal.csv,5,8
best_of_metal.csv,2,4
best_of_metal.csv,3,4
best_of_metal.csv,14,2
best_of_metal.csv,18,1
best_of_metal.csv,19,1
best_of_metal.csv,20,1
best_of_neue_deutsche_welle.csv,10,12
best_of_neue_deutsche_welle.csv,17,8
best_of_neue_deutsche_welle.csv,2,7
best_of_neue_deutsche_welle.csv,1,6
best_of_neue_deutsche_welle.csv,14,6
best_of_neue_deutsche_welle.csv,9,2
best_of_neue_deutsche_welle.csv,12,2
best_of_neue_deutsche_welle.csv,18,2
best_of_neue_deutsche_welle.csv,20,2
best_of_neue_deutsche_welle.csv,15,1
best_of_neue_deutsche_welle.csv,23,1
best_of_neue_deutsche_welle.csv,24,1
best_of_new_age.csv,19,17
best_of_new_age.csv,23,15
best_of_new_age.csv,5,11
best_of_new_age.csv,8,9
best_of_new_age.csv,4,8
best_of_new_age.csv,11,8
best_of_new_age.csv,18,8
best_of_new_age.csv,7,3
best_of_new_age.csv,15,3
best_of_new_age.csv,20,3
best_of_new_age.csv,0,2
best_of_new_age.csv,1,2
best_of_new_age.csv,13,2
best_of_new_age.csv,10,1
best_of_new_age.csv,21,1
best_of_new_age.csv,24,1
best_of_organic_house.csv,19,22
best_of_organic_house.csv,20,16
best_of_organic_house.csv,5,11
best_of_organic_house.csv,11,1
best_of_pop.csv,7,25
best_of_pop.csv,2,20
best_of_pop.csv,8,18
best_of_pop.csv,13,13
best_of_pop.csv,18,10
best_of_pop.csv,10,9
best_of_pop.csv,14,9
best_of_pop.csv,23,8
best_of_pop.csv,15,8
best_of_pop.csv,1,7
best_of_pop.csv,17,4
best_of_pop.csv,0,3
best_of_pop.csv,22,3
best_of_pop.csv,12,3
best_of_pop.csv,9,3
best_of_pop.csv,6,1
best_of_pop.csv,24,1
best_of_punk.csv,0,26
best_of_punk.csv,17,23
best_of_punk.csv,13,11
best_of_punk.csv,2,9
best_of_punk.csv,7,7
best_of_punk.csv,24,5
best_of_punk.csv,20,4
best_of_punk.csv,5,2
best_of_punk.csv,10,2
best_of_punk.csv,14,2
best_of_punk.csv,1,1
best_of_punk.csv,8,1
best_of_punk.csv,12,1
best_of_punk.csv,18,1
best_of_rap.csv,6,58
best_of_rap.csv,16,46
best_of_rap.csv,18,37
best_of_rap.csv,1,27
best_of_rap.csv,7,18
best_of_rap.csv,13,17
best_of_rap.csv,10,12
best_of_rap.csv,14,11
best_of_rap.csv,22,11
best_of_rap.csv,12,11
best_of_rap.csv,24,8
best_of_rap.csv,8,8
best_of_rap.csv,2,8
best_of_rap.csv,0,5
best_of_rap.csv,17,3
best_of_rap.csv,9,2
best_of_rap.csv,23,2
best_of_rap.csv,20,1
best_of_reggae.csv,10,31
best_of_reggae.csv,1,15
best_of_reggae.csv,14,8
best_of_reggae.csv,2,6
best_of_reggae.csv,6,5
best_of_reggae.csv,9,5
best_of_reggae.csv,7,2
best_of_reggae.csv,12,2
best_of_reggae.csv,13,2
best_of_reggae.csv,16,2
best_of_reggae.csv,11,1
best_of_reggae.csv,17,1
best_of_reggae.csv,22,1
best_of_reggaeton.csv,2,22
best_of_reggaeton.csv,7,13
best_of_reggaeton.csv,14,13
best_of_reggaeton.csv,6,9
best_of_reggaeton.csv,10,8
best_of_reggaeton.csv,12,5
best_of_reggaeton.csv,17,5
best_of_reggaeton.csv,18,5
best_of_reggaeton.csv,1,3
best_of_reggaeton.csv,13,3
best_of_reggaeton.csv,3,2
best_of_reggaeton.csv,22,2
best_of_reggaeton.csv,16,1
best_of_rnb.csv,10,28
best_of_rnb.csv,1,27
best_of_rnb.csv,6,23
best_of_rnb.csv,2,18
best_of_rnb.csv,14,16
best_of_rnb.csv,7,14
best_of_rnb.csv,18,11
best_of_rnb.csv,13,10
best_of_rnb.csv,12,9
best_of_rnb.csv,24,6
best_of_rnb.csv,8,3
best_of_rnb.csv,17,3
best_of_rnb.csv,22,3
best_of_rnb.csv,16,2
best_of_rnb.csv,15,1
best_of_rock.csv,23,40
best_of_rock.csv,2,29
best_of_rock.csv,10,27
best_of_rock.csv,1,24
best_of_rock.csv,13,22
best_of_rock.csv,7,19
best_of_rock.csv,8,19
best_of_rock.csv,17,19
best_of_rock.csv,14,17
best_of_rock.csv,0,13
best_of_rock.csv,12,9
best_of_rock.csv,18,5
best_of_rock.csv,9,4
best_of_rock.csv,3,3
best_of_rock.csv,15,2
best_of_rock.csv,20,1
best_of_rock.csv,24,1
best_of_ska.csv,17,33
best_of_ska.csv,2,21
best_of_ska.csv,10,12
best_of_ska.csv,12,6
best_of_ska.csv,7,4
best_of_ska.csv,0,3
best_of_ska.csv,14,3
best_of_ska.csv,20,3
best_of_ska.csv,13,2
best_of_ska.csv,24,2
best_of_ska.csv,1,1
best_of_ska.csv,3,1
best_of_soul.csv,10,12
best_of_soul.csv,14,11
best_of_soul.csv,9,7
best_of_soul.csv,8,4
best_of_soul.csv,12,4
best_of_soul.csv,2,3
best_of_soul.csv,11,3
best_of_soul.csv,15,3
best_of_soul.csv,7,2
best_of_soul.csv,23,2
best_of_soul.csv,1,1
best_of_soul.csv,13,1
best_of_soul.csv,20,1
best_of_soul.csv,21,1
best_of_soul.csv,22,1
best_of_soundtrack1.csv,4,54
best_of_soundtrack1.csv,19,12
best_of_soundtrack1.csv,15,8
best_of_soundtrack1.csv,11,5
best_of_soundtrack1.csv,5,1
best_of_soundtrack1.csv,14,1
best_of_soundtrack1.csv,23,1
best_of_soundtrack2.csv,4,29
best_of_soundtrack2.csv,19,7
best_of_soundtrack2.csv,11,5
best_of_soundtrack2.csv,5,3
best_of_soundtrack2.csv,9,3
best_of_soundtrack2.csv,15,3
best_of_soundtrack2.csv,3,1
best_of_soundtrack2.csv,20,1
best_of_soundtrack2.csv,23,1
best_of_soundtrack2.csv,24,1
best_of_synthwave.csv,0,8
best_of_synthwave.csv,23,6
best_of_synthwave.csv,7,4
best_of_synthwave.csv,19,3
best_of_synthwave.csv,2,2
best_of_synthwave.csv,17,2
best_of_synthwave.csv,18,2
best_of_synthwave.csv,20,2
best_of_synthwave.csv,5,1
best_of_synthwave.csv,24,1
best_of_trap.csv,18,73
best_of_trap.csv,16,58
best_of_trap.csv,1,35
best_of_trap.csv,6,31
best_of_trap.csv,23,18
best_of_trap.csv,7,18
best_of_trap.csv,22,13
best_of_trap.csv,8,12
best_of_trap.csv,10,12
best_of_trap.csv,24,11
best_of_trap.csv,0,10
best_of_trap.csv,14,7
best_of_trap.csv,9,6
best_of_trap.csv,15,5
best_of_trap.csv,13,5
best_of_trap.csv,12,3
best_of_trap.csv,17,3
best_of_trap.csv,21,3
best_of_trap.csv,2,3
best_of_trap.csv,11,2
best_of_trap.csv,19,1
best_of_trip_hop.csv,19,61
best_of_trip_hop.csv,20,43
best_of_trip_hop.csv,11,29
best_of_trip_hop.csv,5,19
best_of_trip_hop.csv,1,19
best_of_trip_hop.csv,3,15
best_of_trip_hop.csv,10,12
best_of_trip_hop.csv,23,11
best_of_trip_hop.csv,8,10
best_of_trip_hop.csv,17,6
best_of_trip_hop.csv,18,6
best_of_trip_hop.csv,6,2
best_of_trip_hop.csv,22,2
best_of_trip_hop.csv,9,2
best_of_trip_hop.csv,2,2
best_of_trip_hop.csv,13,2
best_of_trip_hop.csv,21,2
best_of_trip_hop.csv,15,2
best_of_trip_hop.csv,12,1
best_of_trip_hop.csv,14,1
best_of_trip_hop.csv,7,1
best_of_trip_hop.csv,4,1
best_of_trip_hop.csv,24,1
best_of_world.csv,9,20
best_of_world.csv,14,7
best_of_world.csv,11,5
best_of_world.csv,15,4
best_of_world.csv,8,3
best_of_world.csv,1,2
best_of_world.csv,10,2
best_of_world.csv,12,2
best_of_world.csv,2,1
best_of_world.csv,3,1
best_of_world.csv,13,1
best_of_world.csv,19,1
best_of_world.csv,23,1
handpicked_afterlife.csv,5,64
handpicked_afterlife.csv,19,57
handpicked_afterlife.csv,18,8
handpicked_afterlife.csv,0,4
handpicked_afterlife.csv,20,4
handpicked_afterlife.csv,1,1
handpicked_afterlife.csv,11,1
handpicked_be_svendsen.csv,19,14
handpicked_be_svendsen.csv,20,10
handpicked_be_svendsen.csv,3,2
handpicked_be_svendsen.csv,11,2
handpicked_be_svendsen.csv,18,2
handpicked_be_svendsen.csv,4,1
handpicked_be_svendsen.csv,8,1
handpicked_berlin.csv,9,53
handpicked_berlin.csv,15,32
handpicked_berlin.csv,2,29
handpicked_berlin.csv,10,24
handpicked_berlin.csv,14,24
handpicked_berlin.csv,1,22
handpicked_berlin.csv,8,21
handpicked_berlin.csv,17,20
handpicked_berlin.csv,13,17
handpicked_berlin.csv,21,17
handpicked_berlin.csv,7,15
handpicked_berlin.csv,0,13
handpicked_berlin.csv,23,13
handpicked_berlin.csv,24,13
handpicked_berlin.csv,18,12
handpicked_berlin.csv,16,11
handpicked_berlin.csv,6,10
handpicked_berlin.csv,22,9
handpicked_berlin.csv,12,7
handpicked_berlin.csv,19,6
handpicked_berlin.csv,4,6
handpicked_berlin.csv,11,5
handpicked_berlin.csv,20,5
handpicked_berlin.csv,5,4
handpicked_berlin.csv,3,4
handpicked_billie_eilish.csv,15,24
handpicked_billie_eilish.csv,8,5
handpicked_billie_eilish.csv,22,5
handpicked_billie_eilish.csv,11,4
handpicked_billie_eilish.csv,21,3
handpicked_billie_eilish.csv,4,2
handpicked_billie_eilish.csv,9,2
handpicked_billie_eilish.csv,18,2
handpicked_billie_eilish.csv,23,2
handpicked_billie_eilish.csv,1,1
handpicked_billie_eilish.csv,7,1
handpicked_billie_eilish.csv,10,1
handpicked_billie_eilish.csv,16,1
handpicked_billie_eilish.csv,17,1
handpicked_billie_eilish.csv,19,1
handpicked_billie_eilish.csv,24,1
handpicked_bravo_hits.csv,2,69
handpicked_bravo_hits.csv,7,50
handpicked_bravo_hits.csv,13,38
handpicked_bravo_hits.csv,14,29
handpicked_bravo_hits.csv,0,28
handpicked_bravo_hits.csv,10,26
handpicked_bravo_hits.csv,1,25
handpicked_bravo_hits.csv,18,25
handpicked_bravo_hits.csv,23,18
handpicked_bravo_hits.csv,6,18
handpicked_bravo_hits.csv,17,17
handpicked_bravo_hits.csv,8,16
handpicked_bravo_hits.csv,12,14
handpicked_bravo_hits.csv,20,13
handpicked_bravo_hits.csv,24,12
handpicked_bravo_hits.csv,3,8
handpicked_bravo_hits.csv,15,6
handpicked_bravo_hits.csv,9,5
handpicked_bravo_hits.csv,5,5
handpicked_bravo_hits.csv,21,3
handpicked_bravo_hits.csv,16,2
handpicked_bravo_hits.csv,19,2
handpicked_bravo_hits.csv,22,1
handpicked_bravo_hits.csv,4,1
handpicked_bremer_partymix.csv,7,13
handpicked_bremer_partymix.csv,0,10
handpicked_bremer_partymix.csv,10,9
handpicked_bremer_partymix.csv,18,9
handpicked_bremer_partymix.csv,2,8
handpicked_bremer_partymix.csv,1,7
handpicked_bremer_partymix.csv,17,5
handpicked_bremer_partymix.csv,24,5
handpicked_bremer_partymix.csv,14,4
handpicked_bremer_partymix.csv,3,3
handpicked_bremer_partymix.csv,8,3
handpicked_bremer_partymix.csv,9,2
handpicked_bremer_partymix.csv,12,2
handpicked_bremer_partymix.csv,13,2
handpicked_bremer_partymix.csv,19,1
handpicked_bremer_partymix.csv,21,1
handpicked_faber.csv,15,14
handpicked_faber.csv,8,12
handpicked_faber.csv,23,5
handpicked_faber.csv,4,3
handpicked_faber.csv,9,2
handpicked_faber.csv,14,2
handpicked_faber.csv,17,2
handpicked_faber.csv,0,1
handpicked_faber.csv,1,1
handpicked_faber.csv,2,1
handpicked_faber.csv,7,1
handpicked_faber.csv,10,1
handpicked_faber.csv,13,1
handpicked_faber.csv,18,1
handpicked_gisbert.csv,15,41
handpicked_gisbert.csv,8,17
handpicked_gisbert.csv,23,12
handpicked_gisbert.csv,21,12
handpicked_gisbert.csv,17,11
handpicked_gisbert.csv,14,6
handpicked_gisbert.csv,2,5
handpicked_gisbert.csv,7,5
handpicked_gisbert.csv,4,4
handpicked_gisbert.csv,9,4
handpicked_gisbert.csv,10,3
handpicked_gisbert.csv,1,2
handpicked_gisbert.csv,13,2
handpicked_gisbert.csv,22,1
handpicked_gisbert.csv,0,1
handpicked_gisbert.csv,18,1
handpicked_gisbert.csv,11,1
handpicked_gisbert.csv,12,1
handpicked_hungry_music.csv,19,34
handpicked_hungry_music.csv,11,3
handpicked_hungry_music.csv,20,1
handpicked_indie_melody.csv,0,63
handpicked_indie_melody.csv,7,62
handpicked_indie_melody.csv,5,60
handpicked_indie_melody.csv,3,52
handpicked_indie_melody.csv,20,46
handpicked_indie_melody.csv,17,43
handpicked_indie_melody.csv,13,41
handpicked_indie_melody.csv,2,40
handpicked_indie_melody.csv,1,27
handpicked_indie_melody.csv,23,24
handpicked_indie_melody.csv,19,22
handpicked_indie_melody.csv,10,21
handpicked_indie_melody.csv,18,17
handpicked_indie_melody.csv,14,17
handpicked_indie_melody.csv,11,16
handpicked_indie_melody.csv,24,16
handpicked_indie_melody.csv,8,6
handpicked_indie_melody.csv,12,5
handpicked_indie_melody.csv,4,4
handpicked_indie_melody.csv,9,3
handpicked_indie_melody.csv,15,2
handpicked_karaoke.csv,2,10
handpicked_karaoke.csv,13,7
handpicked_karaoke.csv,15,7
handpicked_karaoke.csv,7,6
handpicked_karaoke.csv,8,5
handpicked_karaoke.csv,14,5
handpicked_karaoke.csv,17,5
handpicked_karaoke.csv,18,5
handpicked_karaoke.csv,9,4
handpicked_karaoke.csv,10,4
handpicked_karaoke.csv,1,3
handpicked_karaoke.csv,6,3
handpicked_karaoke.csv,12,3
handpicked_karaoke.csv,23,3
handpicked_karaoke.csv,0,2
handpicked_karaoke.csv,24,1
handpicked_manu_chao.csv,14,8
handpicked_manu_chao.csv,9,3
handpicked_manu_chao.csv,21,2
handpicked_manu_chao.csv,12,1
handpicked_manu_chao.csv,13,1
handpicked_modus_mio.csv,6,9
handpicked_modus_mio.csv,16,7
handpicked_modus_mio.csv,1,4
handpicked_modus_mio.csv,18,3
handpicked_modus_mio.csv,7,1
handpicked_modus_mio.csv,9,1
handpicked_modus_mio.csv,14,1
handpicked_modus_mio.csv,23,1
handpicked_money_boy.csv,16,29
handpicked_money_boy.csv,6,15
handpicked_money_boy.csv,18,12
handpicked_money_boy.csv,22,10
handpicked_money_boy.csv,1,8
handpicked_money_boy.csv,8,4
handpicked_money_boy.csv,14,3
handpicked_money_boy.csv,7,2
handpicked_money_boy.csv,10,2
handpicked_money_boy.csv,0,1
handpicked_money_boy.csv,13,1
handpicked_money_boy.csv,17,1
handpicked_peter_fox_radio.csv,10,7
handpicked_peter_fox_radio.csv,14,7
handpicked_peter_fox_radio.csv,2,6
handpicked_peter_fox_radio.csv,7,6
handpicked_peter_fox_radio.csv,24,5
handpicked_peter_fox_radio.csv,1,4
handpicked_peter_fox_radio.csv,12,3
handpicked_peter_fox_radio.csv,17,2
handpicked_peter_fox_radio.csv,0,1
handpicked_peter_fox_radio.csv,6,1
handpicked_peter_fox_radio.csv,13,1
handpicked_peter_fox_radio.csv,16,1
handpicked_peter_fox_radio.csv,18,1
handpicked_peter_fox_radio.csv,22,1
handpicked_peter_licht.csv,0,7
handpicked_peter_licht.csv,7,6
handpicked_peter_licht.csv,8,6
handpicked_peter_licht.csv,10,5
handpicked_peter_licht.csv,13,5
handpicked_peter_licht.csv,17,5
handpicked_peter_licht.csv,14,4
handpicked_peter_licht.csv,1,3
handpicked_peter_licht.csv,2,2
handpicked_peter_licht.csv,3,1
handpicked_peter_licht.csv,12,1
handpicked_peter_licht.csv,18,1
handpicked_peter_licht.csv,24,1
handpicked_slowdown_tuesday.csv,15,31
handpicked_slowdown_tuesday.csv,8,15
handpicked_slowdown_tuesday.csv,9,11
handpicked_slowdown_tuesday.csv,1,8
handpicked_slowdown_tuesday.csv,11,7
handpicked_slowdown_tuesday.csv,4,6
handpicked_slowdown_tuesday.csv,19,6
handpicked_slowdown_tuesday.csv,23,5
handpicked_slowdown_tuesday.csv,21,4
handpicked_slowdown_tuesday.csv,18,3
handpicked_slowdown_tuesday.csv,16,2
handpicked_slowdown_tuesday.csv,10,1
handpicked_slowdown_tuesday.csv,13,1
handpicked_slowdown_tuesday.csv,17,1
handpicked_slowdown_tuesday.csv,22,1
handpicked_slowdown_tuesday.csv,24,1
handpicked_sonne_mond_sterne.csv,19,5
handpicked_sonne_mond_sterne.csv,18,4
handpicked_sonne_mond_sterne.csv,5,3
handpicked_sonne_mond_sterne.csv,0,2
handpicked_sonne_mond_sterne.csv,15,2
handpicked_sonne_mond_sterne.csv,3,2
handpicked_sonne_mond_sterne.csv,22,2
handpicked_sonne_mond_sterne.csv,10,2
handpicked_sonne_mond_sterne.csv,23,1
handpicked_sonne_mond_sterne.csv,17,1
handpicked_sonne_mond_sterne.csv,13,1
handpicked_sonne_mond_sterne.csv,14,1
handpicked_sonne_mond_sterne.csv,1,1
handpicked_sonne_mond_sterne.csv,11,1
handpicked_sonne_mond_sterne.csv,9,1
handpicked_sonne_mond_sterne.csv,7,1
handpicked_sonne_mond_sterne.csv,2,1
handpicked_sonne_mond_sterne.csv,24,1
handpicked_the_streets.csv,16,7
handpicked_the_streets.csv,22,7
handpicked_the_streets.csv,6,4
handpicked_the_streets.csv,1,3
handpicked_the_streets.csv,2,3
handpicked_the_streets.csv,23,3
handpicked_the_streets.csv,8,2
handpicked_the_streets.csv,14,2
handpicked_the_streets.csv,10,1
handpicked_the_streets.csv,12,1
handpicked_the_streets.csv,13,1
handpicked_the_streets.csv,17,1
handpicked_the_streets.csv,18,1
handpicked_worakls.csv,19,26
handpicked_worakls.csv,4,7
handpicked_worakls.csv,5,1
handpicked_worakls.csv,11,1
handpicked_worakls.csv,18,1
handpicked_worakls.csv,20,1
